{"type": "block", "layer": 6, "block": 0, "features": [{"geom": {"triangles": {"v": [0.9198945555420757, -0.9432863923816157, 0.0, 0.9204972777100444, -0.9416670533923579, 0.0, 0.9247144255371929, -0.9448923799304438, 0.0, 0.9305079970093608, -1.6328921052722407, 0.0, 0.9333203825684429, -1.6368784639148188, 0.0, 0.9244712385865093, -1.6304602357654048, 0.0, -4.510243078735268, -5.4392504426745845, 0.0, -4.512261053588784, -5.450984451463647, 0.0, -4.513646742370522, -5.446830246141381, 0.0, 0.9233401808472514, -0.7579188081531001, 0.0, 0.9201262984009624, -0.7579188081531001, 0.0, 0.9198783430786968, -0.7563109132556392, 0.0], "f": [0, 1, 2, 3, 4, 5, 6, 7, 8, 9, 10, 11]}, "centroids": [[0.7221419064769563, 0.7102799620765907, 0.0]]}, "mtl": 0}], "featureCount": 1, "startIndex": 0}